{"frames":{"F10.png":{"frame":{"x":0,"y":0,"w":32,"h":64},"rotated":false,"trimmed":false,"spriteSourceSize":{"x":0,"y":0,"w":32,"h":64},"sourceSize":{"w":32,"h":64}},"F11.png":{"frame":{"x":32,"y":0,"w":32,"h":64},"rotated":false,"trimmed":false,"spriteSourceSize":{"x":0,"y":0,"w":32,"h":64},"sourceSize":{"w":32,"h":64}},"F12.png":{"frame":{"x":64,"y":0,"w":32,"h":64},"rotated":false,"trimmed":false,"spriteSourceSize":{"x":0,"y":0,"w":32,"h":64},"sourceSize":{"w":32,"h":64}},"F13.png":{"frame":{"x":96,"y":0,"w":32,"h":64},"rotated":false,"trimmed":false,"spriteSourceSize":{"x":0,"y":0,"w":32,"h":64},"sourceSize":{"w":32,"h":64}},"F14.png":{"frame":{"x":0,"y":64,"w":32,"h":64},"rotated":false,"trimmed":false,"spriteSourceSize":{"x":0,"y":0,"w":32,"h":64},"sourceSize":{"w":32,"h":64}},"F15.png":{"frame":{"x":32,"y":64,"w":32,"h":64},"rotated":false,"trimmed":false,"spriteSourceSize":{"x":0,"y":0,"w":32,"h":64},"sourceSize":{"w":32,"h":64}},"F16.png":{"frame":{"x":64,"y":64,"w":32,"h":64},"rotated":false,"trimmed":false,"spriteSourceSize":{"x":0,"y":0,"w":32,"h":64},"sourceSize":{"w":32,"h":64}},"F17.png":{"frame":{"x":96,"y":64,"w":32,"h":64},"rotated":false,"trimmed":false,"spriteSourceSize":{"x":0,"y":0,"w":32,"h":64},"sourceSize":{"w":32,"h":64}},"F18.png":{"frame":{"x":0,"y":128,"w":32,"h":64},"rotated":false,"trimmed":false,"spriteSourceSize":{"x":0,"y":0,"w":32,"h":64},"sourceSize":{"w":32,"h":64}}},"meta":{"app":"https://github.com/piskelapp/piskel/","version":"1.0","image":"F1.png","format":"RGBA8888","size":{"w":128,"h":192}}}